id,contour_index,parent_contour_index,x,y,width,height,area,aspect_ratio,area_ratio,width_ratio,height_ratio,center_x,center_y,depth,children,siblings,edge_density,border_edge_density,horizontal_edge_density,vertical_edge_density,contour_density,dark_pixel_ratio,bright_pixel_ratio,interior_content_density,structural_type,structural_confidence
1,598,,43,501,1607,336,539952,4.782738,0.244034,0.837415,0.291414,0.441115,0.580225,0,0,79,0.009855,0.000626,0.006019,0.003582,4.8e-05,0.003641,0.988929,0.003946,UNKNOWN,0.4
2,1007,,107,171,1536,326,500736,4.711656,0.22631,0.800417,0.282741,0.455967,0.289679,0,0,79,0.042853,0.003709,0.03142,0.007277,0.000603,0.018894,0.903408,0.086831,UNKNOWN,0.4
3,584,,61,519,317,317,100489,1.0,0.045417,0.16519,0.274935,0.114382,0.587598,0,0,79,0.024958,0.012539,0.012499,0.012499,4e-05,0.012499,0.987501,0.0,CANVAS,0.86
4,1006,,0,172,40,646,25840,0.06192,0.011679,0.020844,0.560278,0.010422,0.429315,0,0,79,0.103599,0.026974,0.031734,0.05,0.002786,0.000348,0.872485,0.11189,TOOLBAR,0.89
5,1119,1116,10,87,484,40,19360,12.1,0.00875,0.252215,0.034692,0.131318,0.092801,1,16,0,0.162293,0.033264,0.073037,0.059091,0.004081,0.000465,0.830269,0.152199,UNKNOWN,0.4
6,539,,0,819,39,283,11037,0.137809,0.004988,0.020323,0.245447,0.010162,0.833044,0,0,79,0.096494,0.0,0.033524,0.030171,0.003534,0.000815,0.887832,0.121659,UNKNOWN,0.4
7,738,728,1236,213,302,23,6946,13.130435,0.003139,0.157374,0.019948,0.722772,0.194709,1,0,3,0.120069,0.050821,0.090412,0.02649,0.001872,0.0,0.923985,0.032144,UNKNOWN,0.4
8,1043,,1672,148,76,76,5776,1.0,0.00261,0.039604,0.065915,0.891089,0.161318,0,0,79,0.100416,0.051247,0.050554,0.050554,0.000693,0.050554,0.949446,0.0,UNKNOWN,0.4
9,879,785,821,173,165,33,5445,5.0,0.002461,0.085982,0.028621,0.470818,0.164354,1,0,12,0.052525,0.001102,0.031589,0.006612,0.001653,0.00404,0.913499,0.017348,UNKNOWN,0.4
10,888,785,655,173,165,33,5445,5.0,0.002461,0.085982,0.028621,0.384315,0.164354,1,2,12,0.087787,0.001102,0.033425,0.007897,0.005142,0.015794,0.877319,0.059542,UNKNOWN,0.4
11,1482,,860,23,132,40,5280,3.3,0.002386,0.068786,0.034692,0.482543,0.037294,0,0,79,0.152652,0.032386,0.049621,0.035795,0.002841,0.001705,0.86875,0.109592,UNKNOWN,0.4
12,864,785,987,173,149,33,4917,4.515152,0.002222,0.077645,0.028621,0.553153,0.164354,1,0,12,0.067114,0.00122,0.037828,0.009355,0.003051,0.009152,0.901363,0.030202,UNKNOWN,0.4
13,980,785,225,173,149,33,4917,4.515152,0.002222,0.077645,0.028621,0.156071,0.164354,1,0,12,0.063453,0.00122,0.035794,0.011592,0.002847,0.006305,0.90299,0.0283,UNKNOWN,0.4
14,1113,,1669,126,250,19,4750,13.157895,0.002147,0.130276,0.016479,0.934862,0.11752,0,0,79,0.083789,0.057263,0.053474,0.009053,0.004,0.020211,0.961053,0.050136,UNKNOWN,0.4
15,940,785,457,173,115,33,3795,3.484848,0.001715,0.059927,0.028621,0.268108,0.164354,1,1,12,0.108827,0.001581,0.041107,0.023452,0.005534,0.021344,0.861924,0.072693,UNKNOWN,0.4
16,783,,1537,173,100,33,3300,3.030303,0.001491,0.05211,0.028621,0.826993,0.164354,0,0,79,0.0,0.0,0.0,0.0,0.000606,0.0,1.0,0.0,UNKNOWN,0.4
17,786,785,1437,173,99,33,3267,3.0,0.001477,0.051589,0.028621,0.774622,0.164354,1,1,12,0.112335,0.001837,0.039486,0.019284,0.006428,0.020202,0.849097,0.085299,UNKNOWN,0.4
18,807,785,1337,173,99,33,3267,3.0,0.001477,0.051589,0.028621,0.722512,0.164354,1,1,12,0.10652,0.001837,0.040098,0.017447,0.00704,0.022345,0.858892,0.073684,UNKNOWN,0.4
19,830,785,1237,173,99,33,3267,3.0,0.001477,0.051589,0.028621,0.670401,0.164354,1,1,12,0.107438,0.001837,0.035813,0.01959,0.005816,0.022651,0.850321,0.083848,UNKNOWN,0.4
20,849,785,1137,173,99,33,3267,3.0,0.001477,0.051589,0.028621,0.618291,0.164354,1,1,12,0.084175,0.001837,0.035813,0.017141,0.004591,0.010407,0.872054,0.058076,UNKNOWN,0.4
21,960,940,459,175,111,29,3219,3.827586,0.001455,0.057843,0.025152,0.268108,0.164354,2,0,0,0.083256,0.0,0.013669,0.018329,0.006213,0.025163,0.927307,0.087477,UNKNOWN,0.4
22,427,,52,919,148,20,2960,7.4,0.001338,0.077124,0.017346,0.065659,0.805724,0,0,79,0.053378,0.0,0.009797,0.009122,0.004392,0.0,0.949662,0.06467,UNKNOWN,0.4
23,1110,,41,128,75,39,2925,1.923077,0.001322,0.039083,0.033825,0.040907,0.127927,0,0,79,0.230085,0.046838,0.099829,0.043761,0.009915,0.064957,0.791453,0.189537,UNKNOWN,0.4
24,806,786,1439,175,95,29,2755,3.275862,0.001245,0.049505,0.025152,0.774622,0.164354,2,0,0,0.086388,0.0,0.011978,0.011978,0.00726,0.023956,0.914701,0.103297,UNKNOWN,0.4
25,829,807,1339,175,95,29,2755,3.275862,0.001245,0.049505,0.025152,0.722512,0.164354,2,0,0,0.079492,0.0,0.012704,0.0098,0.007985,0.026497,0.926316,0.089231,UNKNOWN,0.4
26,848,830,1239,175,95,29,2755,3.275862,0.001245,0.049505,0.025152,0.670401,0.164354,2,0,0,0.080581,0.0,0.007623,0.012341,0.006534,0.02686,0.916152,0.101538,UNKNOWN,0.4
27,863,849,1139,175,95,29,2755,3.275862,0.001245,0.049505,0.025152,0.618291,0.164354,2,0,0,0.052995,0.0,0.007623,0.009437,0.005082,0.012341,0.941924,0.07033,UNKNOWN,0.4
28,916,785,573,173,81,33,2673,2.454545,0.001208,0.042209,0.028621,0.319698,0.164354,1,1,12,0.136925,0.002245,0.049009,0.035166,0.008979,0.027684,0.832024,0.101657,UNKNOWN,0.4
29,961,785,375,173,81,33,2673,2.454545,0.001208,0.042209,0.028621,0.216519,0.164354,1,1,12,0.144033,0.002245,0.044145,0.034044,0.007108,0.032548,0.822671,0.112853,UNKNOWN,0.4
30,939,916,575,175,77,29,2233,2.655172,0.001009,0.040125,0.025152,0.319698,0.164354,2,0,0,0.114196,0.0,0.023735,0.028661,0.0103,0.033139,0.898343,0.124384,UNKNOWN,0.4
31,979,961,377,175,77,29,2233,2.655172,0.001009,0.040125,0.025152,0.216519,0.164354,2,0,0,0.122705,0.002239,0.017913,0.027318,0.008061,0.038961,0.887147,0.138082,UNKNOWN,0.4
32,999,785,109,173,65,33,2145,1.969697,0.000969,0.033872,0.028621,0.073736,0.164354,1,1,12,0.069464,0.002797,0.034033,0.024709,0.002797,0.004662,0.894639,0.02035,UNKNOWN,0.4
33,739,728,1236,213,100,21,2100,4.761905,0.000949,0.05211,0.018213,0.670141,0.193842,1,1,3,0.025238,0.01,0.005238,0.01619,0.001905,0.0,0.967143,0.029412,UNKNOWN,0.4
34,730,728,1437,213,99,21,2079,4.714286,0.00094,0.051589,0.018213,0.774622,0.193842,1,1,3,0.015392,0.0,0.005291,0.006253,0.001924,0.0,0.976912,0.029721,UNKNOWN,0.4
35,734,728,1337,213,99,21,2079,4.714286,0.00094,0.051589,0.018213,0.722512,0.193842,1,1,3,0.015392,0.0,0.005291,0.006253,0.001924,0.0,0.976912,0.029721,UNKNOWN,0.4
36,297,,264,1139,139,14,1946,9.928571,0.00088,0.072434,0.012142,0.173788,0.993929,0,0,79,0.307811,0.086331,0.052929,0.053443,0.014902,0.096608,0.672148,0.351852,UNKNOWN,0.4
37,915,888,755,175,63,29,1827,2.172414,0.000826,0.03283,0.025152,0.409849,0.164354,2,0,1,0.003831,0.003831,0.0,0.0,0.000547,0.0,0.996716,0.0,UNKNOWN,0.4
38,1004,999,111,175,61,29,1769,2.103448,0.0008,0.031787,0.025152,0.073736,0.164354,2,0,0,0.030526,0.0,0.006218,0.013002,0.002826,0.005653,0.97965,0.025263,UNKNOWN,0.4
39,994,785,175,173,49,33,1617,1.484848,0.000731,0.025534,0.028621,0.10396,0.164354,1,1,12,0.102659,0.003711,0.03154,0.027829,0.003092,0.017934,0.845393,0.070498,UNKNOWN,0.4
40,743,,0,213,38,38,1444,1.0,0.000653,0.019802,0.032958,0.009901,0.201214,0,0,79,0.202216,0.054017,0.050554,0.050554,0.00554,0.0,0.779086,0.200692,UNKNOWN,0.4
41,998,994,177,175,45,29,1305,1.551724,0.00059,0.02345,0.025152,0.10396,0.164354,2,0,0,0.066667,0.0,0.003831,0.011494,0.003065,0.022222,0.929502,0.089756,UNKNOWN,0.4
42,441,440,210,917,52,24,1248,2.166667,0.000564,0.027097,0.020815,0.122981,0.805724,1,1,0,0.272436,0.115385,0.161859,0.092949,0.007212,0.0,0.846154,0.054167,UNKNOWN,0.4
43,657,,1675,227,91,13,1183,7.0,0.000535,0.047421,0.011275,0.896561,0.202515,0,0,79,0.169907,0.006762,0.048183,0.025359,0.010989,0.0,0.874049,0.163474,UNKNOWN,0.4
44,442,441,212,919,48,20,960,2.4,0.000434,0.025013,0.017346,0.122981,0.805724,2,0,0,0.066667,0.0,0.00625,0.033333,0.008333,0.0,0.945833,0.073864,UNKNOWN,0.4
45,340,326,1753,1134,54,17,918,3.176471,0.000415,0.02814,0.014744,0.927566,0.990893,1,0,1,0.235294,0.079521,0.141612,0.033769,0.007625,0.0,0.863834,0.087692,UNKNOWN,0.4
46,763,,47,192,52,17,884,3.058824,0.0004,0.027097,0.014744,0.038041,0.173894,0,0,79,0.156109,0.020362,0.011312,0.040724,0.014706,0.053167,0.882353,0.158654,UNKNOWN,0.4
47,1105,,66,129,59,14,826,4.214286,0.000373,0.030745,0.012142,0.049766,0.117953,0,0,79,0.219128,0.11138,0.105327,0.066586,0.008475,0.059322,0.786925,0.147273,UNKNOWN,0.4
48,248,,1441,1139,68,12,816,5.666667,0.000369,0.035435,0.010408,0.768629,0.993062,0,0,79,0.346814,0.068627,0.091912,0.134804,0.031863,0.0,0.778186,0.296875,UNKNOWN,0.4
49,1465,,295,28,28,29,812,0.965517,0.000367,0.014591,0.025152,0.161021,0.03686,0,0,79,0.318966,0.046798,0.14532,0.093596,0.006158,0.003695,0.550493,0.398333,UNKNOWN,0.4
50,1432,,457,30,27,27,729,1.0,0.000329,0.01407,0.023417,0.24518,0.037728,0,0,79,0.246914,0.085048,0.089163,0.042524,0.010974,0.0,0.677641,0.325142,UNKNOWN,0.4
51,1394,,944,30,27,26,702,1.038462,0.000317,0.01407,0.02255,0.498958,0.037294,0,1,79,0.2151,0.041311,0.007123,0.0,0.005698,0.0,0.794872,0.235178,UNKNOWN,0.4
52,1349,,786,31,26,26,676,1.0,0.000306,0.013549,0.02255,0.416363,0.038161,0,0,79,0.263314,0.048817,0.047337,0.025148,0.019231,0.004438,0.315089,0.797521,UNKNOWN,0.4
53,1436,,419,30,26,26,676,1.0,0.000306,0.013549,0.02255,0.225117,0.037294,0,0,79,0.190828,0.060651,0.029586,0.029586,0.005917,0.0,0.482249,0.293388,UNKNOWN,0.4
54,360,,6,1020,26,25,650,1.04,0.000294,0.013549,0.021683,0.009901,0.89549,0,1,79,0.273846,0.086154,0.064615,0.061538,0.007692,0.0,0.610769,0.378788,UNKNOWN,0.4
55,1192,1119,17,93,25,26,650,0.961538,0.000294,0.013028,0.02255,0.015373,0.091934,2,1,15,0.244615,0.076923,0.078462,0.093846,0.003077,0.0,0.510769,0.538961,UNKNOWN,0.4
56,1398,,908,30,25,26,650,0.961538,0.000294,0.013028,0.02255,0.479677,0.037294,0,0,79,0.332308,0.098462,0.101538,0.061538,0.006154,0.0,0.843077,0.177489,UNKNOWN,0.4
57,1185,1119,449,95,25,25,625,1.0,0.000282,0.013028,0.021683,0.24049,0.093235,2,0,15,0.28,0.1168,0.1056,0.1136,0.0128,0.0,0.6832,0.219955,UNKNOWN,0.4
58,599,,8,494,24,26,624,0.923077,0.000282,0.012507,0.02255,0.010422,0.439722,0,2,79,0.283654,0.097756,0.133013,0.165064,0.009615,0.0,0.592949,0.345455,UNKNOWN,0.4
59,1414,,543,30,23,27,621,0.851852,0.000281,0.011985,0.023417,0.288953,0.037728,0,1,79,0.322061,0.05314,0.043478,0.088567,0.030596,0.009662,0.508857,0.608696,UNKNOWN,0.4
60,1173,1119,288,96,28,22,616,1.272727,0.000278,0.014591,0.019081,0.157374,0.092801,2,0,15,0.308442,0.105519,0.146104,0.155844,0.006494,0.0,0.787338,0.152778,UNKNOWN,0.4
61,1174,1119,250,96,28,22,616,1.272727,0.000278,0.014591,0.019081,0.137572,0.092801,2,2,15,0.293831,0.11039,0.118506,0.137987,0.011364,0.0,0.594156,0.43287,UNKNOWN,0.4
62,1181,1119,166,96,28,22,616,1.272727,0.000278,0.014591,0.019081,0.093799,0.092801,2,0,15,0.318182,0.112013,0.099026,0.147727,0.012987,0.0,0.665584,0.328704,UNKNOWN,0.4
63,1187,1119,412,93,22,28,616,0.785714,0.000278,0.011464,0.024284,0.220427,0.092801,2,1,15,0.211039,0.060065,0.019481,0.064935,0.00974,0.0,0.597403,0.421296,UNKNOWN,0.4
64,1403,,618,30,24,25,600,0.96,0.000271,0.012507,0.021683,0.328296,0.03686,0,0,79,0.351667,0.091667,0.058333,0.133333,0.018333,0.0,0.57,0.469048,UNKNOWN,0.4
65,570,,6,651,27,22,594,1.227273,0.000268,0.01407,0.019081,0.010162,0.574154,0,0,79,0.164983,0.080808,0.097643,0.057239,0.001684,0.0,0.723906,0.285024,UNKNOWN,0.4
66,1337,,701,32,27,22,594,1.227273,0.000268,0.01407,0.019081,0.372329,0.037294,0,0,79,0.299663,0.117845,0.144781,0.080808,0.013468,0.0,0.338384,0.635266,UNKNOWN,0.4
67,1376,,54,31,24,24,576,1.0,0.00026,0.012507,0.020815,0.034393,0.037294,0,0,79,0.359375,0.154514,0.164931,0.145833,0.019097,0.027778,0.267361,0.8225,UNKNOWN,0.4
68,1154,1119,215,97,26,22,572,1.181818,0.000259,0.013549,0.019081,0.118812,0.093669,2,0,15,0.325175,0.115385,0.166084,0.159091,0.006993,0.0,0.755245,0.242424,UNKNOWN,0.4
69,1387,,15,31,27,21,567,1.285714,0.000256,0.01407,0.018213,0.014851,0.035993,0,1,79,0.320988,0.097002,0.144621,0.05291,0.012346,0.0,0.504409,0.529412,UNKNOWN,0.4
70,1463,,214,29,21,27,567,0.777778,0.000256,0.010943,0.023417,0.116988,0.03686,0,0,79,0.312169,0.100529,0.111111,0.135802,0.008818,0.0,0.929453,0.012788,UNKNOWN,0.4
71,341,326,1718,1134,33,17,561,1.941176,0.000254,0.017196,0.014744,0.903856,0.990893,1,0,1,0.240642,0.092692,0.144385,0.049911,0.00713,0.0,0.853832,0.092838,UNKNOWN,0.4
72,455,,7,906,24,23,552,1.043478,0.000249,0.012507,0.019948,0.009901,0.79575,0,1,79,0.326087,0.143116,0.150362,0.163043,0.007246,0.0,0.744565,0.318421,UNKNOWN,0.4
73,1345,,345,32,22,25,550,0.88,0.000249,0.011464,0.021683,0.185513,0.038595,0,0,79,0.312727,0.054545,0.078182,0.092727,0.010909,0.0,0.569091,0.462963,UNKNOWN,0.4
74,1170,1119,336,96,24,22,528,1.090909,0.000239,0.012507,0.019081,0.181344,0.092801,2,0,15,0.405303,0.117424,0.149621,0.149621,0.00947,0.0,0.511364,0.475,UNKNOWN,0.4
75,1362,,581,31,22,24,528,0.916667,0.000239,0.011464,0.020815,0.308494,0.037294,0,0,79,0.407197,0.155303,0.153409,0.054924,0.024621,0.003788,0.111742,0.902778,UNKNOWN,0.4
76,1442,,139,30,21,25,525,0.84,0.000237,0.010943,0.021683,0.077905,0.03686,0,0,79,0.249524,0.057143,0.049524,0.059048,0.011429,0.0,0.851429,0.187675,UNKNOWN,0.4
77,1448,,102,30,21,25,525,0.84,0.000237,0.010943,0.021683,0.058624,0.03686,0,0,79,0.24381,0.059048,0.055238,0.060952,0.011429,0.0,0.569524,0.52381,UNKNOWN,0.4
78,1334,,870,32,23,22,506,1.045455,0.000229,0.011985,0.019081,0.459354,0.037294,0,0,79,0.322134,0.098814,0.067194,0.067194,0.007905,0.0,0.563241,0.476608,UNKNOWN,0.4
79,1318,,380,37,28,18,504,1.555556,0.000228,0.014591,0.015611,0.205315,0.039896,0,0,79,0.392857,0.125,0.190476,0.144841,0.007937,0.027778,0.382937,0.71131,UNKNOWN,0.4
80,361,360,9,1023,22,22,484,1.0,0.000219,0.011464,0.019081,0.010422,0.896791,1,0,0,0.318182,0.136364,0.099174,0.080579,0.006198,0.0,0.570248,0.388889,UNKNOWN,0.4
81,575,,9,572,22,22,484,1.0,0.000219,0.011464,0.019081,0.010422,0.505637,0,0,79,0.280992,0.173554,0.126033,0.136364,0.008264,0.0,0.404959,0.395062,UNKNOWN,0.4
82,579,,9,534,22,22,484,1.0,0.000219,0.011464,0.019081,0.010422,0.47268,0,0,79,0.365702,0.173554,0.179752,0.17562,0.010331,0.0,0.206612,0.691358,UNKNOWN,0.4
83,1158,1119,56,97,22,22,484,1.0,0.000219,0.011464,0.019081,0.034914,0.093669,2,1,15,0.396694,0.167355,0.13843,0.183884,0.018595,0.0,0.60124,0.358025,UNKNOWN,0.4
84,1402,,877,30,18,26,468,0.692308,0.000212,0.00938,0.02255,0.461699,0.037294,0,0,79,0.405983,0.138889,0.132479,0.130342,0.008547,0.0,0.50641,0.512987,UNKNOWN,0.4
85,367,,8,986,22,21,462,1.047619,0.000209,0.011464,0.018213,0.009901,0.864267,0,0,79,0.335498,0.103896,0.047619,0.073593,0.010823,0.0,0.573593,0.519608,UNKNOWN,0.4
86,1440,,345,30,21,22,462,0.954545,0.000209,0.010943,0.019081,0.185253,0.035559,0,0,79,0.305195,0.075758,0.054113,0.11039,0.010823,0.0,0.510823,0.398693,UNKNOWN,0.4
87,352,,5,1055,26,17,442,1.529412,0.0002,0.013549,0.014744,0.00938,0.922376,0,0,79,0.219457,0.056561,0.024887,0.006787,0.011312,0.0,0.642534,0.451049,UNKNOWN,0.4
88,1151,1119,451,97,21,21,441,1.0,0.000199,0.010943,0.018213,0.24049,0.093235,2,0,15,0.23356,0.095238,0.070295,0.081633,0.00907,0.0,0.780045,0.193772,UNKNOWN,0.4
89,1365,,507,31,18,24,432,0.75,0.000195,0.00938,0.020815,0.26889,0.037294,0,0,79,0.261574,0.081019,0.041667,0.013889,0.025463,0.0,0.583333,0.557143,UNKNOWN,0.4
90,1460,,259,29,17,25,425,0.68,0.000192,0.008859,0.021683,0.139396,0.035993,0,0,79,0.294118,0.122353,0.122353,0.134118,0.009412,0.0,0.894118,0.080586,UNKNOWN,0.4
91,607,,10,421,20,20,400,1.0,0.000181,0.010422,0.017346,0.010422,0.373807,0,0,79,0.3275,0.0975,0.09,0.08,0.025,0.0,0.38,0.734375,UNKNOWN,0.4
92,1177,1174,255,96,18,22,396,0.818182,0.000179,0.00938,0.019081,0.137572,0.092801,3,0,1,0.340909,0.171717,0.159091,0.118687,0.012626,0.0,0.505051,0.388889,UNKNOWN,0.4
93,603,599,17,494,15,26,390,0.576923,0.000176,0.007817,0.02255,0.012767,0.439722,1,0,1,0.25641,0.1,0.141026,0.130769,0.002564,0.0,0.628205,0.338843,UNKNOWN,0.4
94,1454,,383,29,24,16,384,1.5,0.000174,0.012507,0.013877,0.205836,0.03209,0,1,79,0.348958,0.135417,0.205729,0.125,0.015625,0.036458,0.583333,0.408333,UNKNOWN,0.4
95,664,,11,225,20,19,380,1.052632,0.000172,0.010422,0.016479,0.010943,0.203382,0,0,79,0.368421,0.139474,0.015789,0.026316,0.015789,0.0,0.357895,0.783333,UNKNOWN,0.4
96,908,888,725,176,31,12,372,2.583333,0.000168,0.016154,0.010408,0.385878,0.157849,2,0,1,0.341398,0.102151,0.0,0.053763,0.024194,0.110215,0.688172,0.476852,UNKNOWN,0.4
97,501,,10,871,19,19,361,1.0,0.000163,0.009901,0.016479,0.010162,0.76366,0,0,79,0.307479,0.105263,0.174515,0.077562,0.01662,0.0,0.393352,0.684444,UNKNOWN,0.4
98,601,599,10,498,20,18,360,1.111111,0.000163,0.010422,0.015611,0.010422,0.439722,1,0,1,0.188889,0.188889,0.1,0.088889,0.002778,0.0,0.8,0.0,UNKNOWN,0.4
99,765,,11,185,18,20,360,0.9,0.000163,0.00938,0.017346,0.010422,0.169124,0,1,79,0.211111,0.052778,0.0,0.013889,0.011111,0.0,0.541667,0.651786,UNKNOWN,0.4
100,1193,1192,20,102,21,17,357,1.235294,0.000161,0.010943,0.014744,0.015894,0.095837,3,0,0,0.308123,0.162465,0.112045,0.131653,0.002801,0.0,0.481793,0.447964,UNKNOWN,0.4
101,358,,14,1028,19,18,342,1.055556,0.000155,0.009901,0.015611,0.012246,0.899393,0,0,79,0.295322,0.163743,0.084795,0.134503,0.005848,0.0,0.69883,0.109524,UNKNOWN,0.4
102,557,,11,725,18,19,342,0.947368,0.000155,0.00938,0.016479,0.010422,0.637034,0,0,79,0.415205,0.175439,0.052632,0.154971,0.011696,0.0,0.98538,0.0,UNKNOWN,0.4
103,1145,1119,290,98,19,18,342,1.055556,0.000155,0.009901,0.015611,0.156071,0.092801,2,0,15,0.195906,0.090643,0.038012,0.146199,0.008772,0.0,0.903509,0.057143,UNKNOWN,0.4
104,1309,,178,39,21,16,336,1.3125,0.000152,0.010943,0.013877,0.098228,0.040763,0,0,79,0.33631,0.130952,0.032738,0.03869,0.014881,0.0,0.818452,0.210784,UNKNOWN,0.4
105,370,,10,947,18,18,324,1.0,0.000146,0.00938,0.015611,0.009901,0.829141,0,1,79,0.274691,0.123457,0.148148,0.126543,0.006173,0.0,0.401235,0.357143,UNKNOWN,0.4
106,571,,11,612,18,18,324,1.0,0.000146,0.00938,0.015611,0.010422,0.538595,0,0,79,0.320988,0.209877,0.154321,0.154321,0.012346,0.0,0.518519,0.489796,UNKNOWN,0.4
107,1097,,128,130,18,18,324,1.0,0.000146,0.00938,0.015611,0.071391,0.120555,0,0,79,0.388889,0.132716,0.175926,0.101852,0.030864,0.256173,0.66358,0.372449,UNKNOWN,0.4
108,1323,,743,34,18,18,324,1.0,0.000146,0.00938,0.015611,0.391871,0.037294,0,0,79,0.305556,0.126543,0.0,0.117284,0.012346,0.0,0.345679,0.663265,UNKNOWN,0.4
109,1327,,671,34,18,18,324,1.0,0.000146,0.00938,0.015611,0.354351,0.037294,0,0,79,0.290123,0.111111,0.0,0.117284,0.012346,0.0,0.364198,0.663265,UNKNOWN,0.4
110,768,765,12,186,16,19,304,0.842105,0.000137,0.008338,0.016479,0.010422,0.169558,1,0,0,0.230263,0.085526,0.032895,0.0,0.006579,0.0,0.470395,0.744444,UNKNOWN,0.4
111,1388,1387,19,38,23,13,299,1.769231,0.000135,0.011985,0.011275,0.015894,0.038595,1,0,0,0.264214,0.173913,0.137124,0.0,0.013378,0.0,0.341137,0.584795,UNKNOWN,0.4
112,558,,12,688,17,17,289,1.0,0.000131,0.008859,0.014744,0.010683,0.604076,0,0,79,0.179931,0.176471,0.083045,0.079585,0.00346,0.0,0.702422,0.35503,UNKNOWN,0.4
113,633,,10,309,17,17,289,1.0,0.000131,0.008859,0.014744,0.00964,0.275369,0,0,79,0.214533,0.069204,0.013841,0.0,0.00692,0.0,0.633218,0.461538,UNKNOWN,0.4
114,639,,13,271,17,17,289,1.0,0.000131,0.008859,0.014744,0.011204,0.242411,0,0,79,0.207612,0.062284,0.013841,0.0,0.00692,0.0,0.633218,0.461538,UNKNOWN,0.4
115,307,,160,1139,24,12,288,2.0,0.00013,0.012507,0.010408,0.08963,0.993062,0,0,79,0.375,0.090278,0.142361,0.090278,0.03125,0.163194,0.694444,0.39375,UNKNOWN,0.4
116,778,,58,177,24,12,288,2.0,0.00013,0.012507,0.010408,0.036477,0.158716,0,0,79,0.361111,0.104167,0.104167,0.045139,0.017361,0.131944,0.704861,0.40625,UNKNOWN,0.4
117,452,,10,909,19,15,285,1.266667,0.000129,0.009901,0.01301,0.010162,0.794883,0,0,79,0.175439,0.070175,0.042105,0.129825,0.003509,0.0,0.715789,0.2,UNKNOWN,0.4
118,1297,,824,40,18,15,270,1.2,0.000122,0.00938,0.01301,0.43408,0.041197,0,0,79,0.251852,0.085185,0.048148,0.07037,0.014815,0.0,0.67037,0.422078,UNKNOWN,0.4
119,1457,1454,385,30,18,15,270,1.2,0.000122,0.00938,0.01301,0.205315,0.032524,1,0,0,0.359259,0.211111,0.203704,0.133333,0.014815,0.051852,0.481481,0.38961,UNKNOWN,0.4
120,364,,15,992,16,16,256,1.0,0.000116,0.008338,0.013877,0.011985,0.867303,0,0,79,0.363281,0.171875,0.082031,0.125,0.007812,0.0,0.589844,0.444444,UNKNOWN,0.4
121,577,576,12,575,16,16,256,1.0,0.000116,0.008338,0.013877,0.010422,0.505637,2,0,0,0.234375,0.234375,0.097656,0.089844,0.007812,0.0,0.765625,0.0,UNKNOWN,0.4
122,583,580,12,537,16,16,256,1.0,0.000116,0.008338,0.013877,0.010422,0.47268,2,0,0,0.140625,0.0,0.070312,0.058594,0.011719,0.0,0.390625,0.305556,UNKNOWN,0.4
123,1092,,1647,131,16,16,256,1.0,0.000116,0.008338,0.013877,0.862428,0.120555,0,0,79,0.308594,0.125,0.109375,0.109375,0.015625,0.101562,0.785156,0.180556,UNKNOWN,0.4
124,1093,,1629,131,16,16,256,1.0,0.000116,0.008338,0.013877,0.853048,0.120555,0,0,79,0.3125,0.125,0.144531,0.109375,0.007812,0.097656,0.789062,0.173611,UNKNOWN,0.4
125,1188,1187,413,102,16,16,256,1.0,0.000116,0.008338,0.013877,0.219385,0.095403,3,0,0,0.257812,0.09375,0.054688,0.011719,0.007812,0.0,0.542969,0.548611,UNKNOWN,0.4
126,1507,,2,3,16,16,256,1.0,0.000116,0.008338,0.013877,0.005211,0.00954,0,0,79,0.238281,0.125,0.0,0.019531,0.023438,0.0,0.121094,0.895833,UNKNOWN,0.4
127,1148,1119,135,98,14,18,252,0.777778,0.000114,0.007295,0.015611,0.073997,0.092801,2,0,15,0.269841,0.111111,0.051587,0.119048,0.011905,0.0,0.436508,0.771429,UNKNOWN,0.4
128,1143,1119,99,99,12,18,216,0.666667,9.8e-05,0.006253,0.015611,0.054716,0.093669,2,0,15,0.319444,0.203704,0.078704,0.046296,0.009259,0.0,0.277778,0.75,UNKNOWN,0.4
129,1412,1405,620,32,12,18,216,0.666667,9.8e-05,0.006253,0.015611,0.326212,0.035559,2,0,0,0.375,0.194444,0.046296,0.194444,0.023148,0.0,0.523148,0.473214,UNKNOWN,0.4
130,357,,14,1029,15,14,210,1.071429,9.5e-05,0.007817,0.012142,0.011204,0.898526,0,0,79,0.204762,0.180952,0.061905,0.057143,0.004762,0.0,0.714286,0.054545,UNKNOWN,0.4
131,482,,205,895,15,14,210,1.071429,9.5e-05,0.007817,0.012142,0.110735,0.782307,0,0,79,0.361905,0.119048,0.052381,0.17619,0.02381,0.0,0.628571,0.472727,UNKNOWN,0.4
132,550,,12,773,15,14,210,1.071429,9.5e-05,0.007817,0.012142,0.010162,0.676496,0,0,79,0.390476,0.185714,0.114286,0.147619,0.028571,0.0,0.819048,0.0,UNKNOWN,0.4
133,733,730,1478,217,14,15,210,0.933333,9.5e-05,0.007295,0.01301,0.773841,0.194709,2,0,0,0.152381,0.147619,0.057143,0.061905,0.014286,0.0,0.771429,0.181818,UNKNOWN,0.4
134,737,734,1378,217,14,15,210,0.933333,9.5e-05,0.007295,0.01301,0.72173,0.194709,2,0,0,0.152381,0.147619,0.057143,0.061905,0.014286,0.0,0.771429,0.181818,UNKNOWN,0.4
135,742,739,1278,217,14,15,210,0.933333,9.5e-05,0.007295,0.01301,0.66962,0.194709,2,0,0,0.152381,0.147619,0.057143,0.061905,0.014286,0.0,0.771429,0.181818,UNKNOWN,0.4
136,1396,1394,954,32,15,14,210,1.071429,9.5e-05,0.007817,0.012142,0.501042,0.033825,1,0,0,0.328571,0.161905,0.028571,0.014286,0.004762,0.0,0.704762,0.309091,UNKNOWN,0.4
137,421,,314,921,16,13,208,1.230769,9.4e-05,0.008338,0.011275,0.167796,0.804423,0,0,79,0.298077,0.134615,0.0,0.100962,0.024038,0.0,0.610577,0.527778,UNKNOWN,0.4
138,1315,,261,38,13,16,208,0.8125,9.4e-05,0.006774,0.013877,0.139396,0.039896,0,0,79,0.139423,0.139423,0.057692,0.072115,0.009615,0.0,1.0,0.0,UNKNOWN,0.4
139,544,,14,775,14,14,196,1.0,8.9e-05,0.007295,0.012142,0.010943,0.678231,0,0,79,0.397959,0.183673,0.127551,0.127551,0.030612,0.0,0.872449,0.0,UNKNOWN,0.4
140,1160,1158,64,105,14,14,196,1.0,8.9e-05,0.007295,0.012142,0.036998,0.097138,3,0,0,0.382653,0.244898,0.19898,0.091837,0.010204,0.0,0.576531,0.29,UNKNOWN,0.4
141,1344,1338,704,35,16,12,192,1.333333,8.7e-05,0.008338,0.010408,0.371027,0.035559,2,0,0,0.135417,0.036458,0.052083,0.046875,0.005208,0.0,0.5,0.239583,UNKNOWN,0.4
142,504,502,13,873,13,14,182,0.928571,8.2e-05,0.006774,0.012142,0.010162,0.763226,2,0,0,0.362637,0.214286,0.291209,0.043956,0.021978,0.0,0.230769,0.7,UNKNOWN,0.4
143,371,370,13,949,13,13,169,1.0,7.6e-05,0.006774,0.011275,0.010162,0.828708,1,0,0,0.201183,0.201183,0.071006,0.118343,0.005917,0.0,0.721893,0.0,UNKNOWN,0.4
144,1176,1174,259,96,14,12,168,1.166667,7.6e-05,0.007295,0.010408,0.138614,0.088465,3,0,1,0.35119,0.202381,0.208333,0.10119,0.011905,0.0,0.571429,0.125,UNKNOWN,0.4
145,457,455,13,912,12,13,156,0.923077,7.1e-05,0.006253,0.011275,0.009901,0.796618,1,0,0,0.0,0.0,0.0,0.0,0.00641,0.0,1.0,0.0,UNKNOWN,0.4
146,538,,14,836,12,12,144,1.0,6.5e-05,0.006253,0.010408,0.010422,0.730269,0,0,79,0.277778,0.159722,0.076389,0.104167,0.006944,0.0,0.777778,0.359375,UNKNOWN,0.4
147,545,,14,775,12,12,144,1.0,6.5e-05,0.006253,0.010408,0.010422,0.677363,0,0,79,0.229167,0.069444,0.0,0.020833,0.034722,0.0,1.0,0.0,UNKNOWN,0.4
148,1139,1119,380,102,12,12,144,1.0,6.5e-05,0.006253,0.010408,0.201146,0.093669,2,0,15,0.361111,0.173611,0.097222,0.041667,0.013889,0.0,0.597222,0.21875,UNKNOWN,0.4
149,1167,1119,461,96,12,12,144,1.0,6.5e-05,0.006253,0.010408,0.243356,0.088465,2,0,15,0.25,0.194444,0.076389,0.152778,0.006944,0.0,0.784722,0.09375,UNKNOWN,0.4
150,1186,1119,463,94,12,12,144,1.0,6.5e-05,0.006253,0.010408,0.244398,0.08673,2,0,15,0.333333,0.215278,0.131944,0.180556,0.006944,0.0,0.680556,0.25,UNKNOWN,0.4
151,1431,1414,543,30,12,12,144,1.0,6.5e-05,0.006253,0.010408,0.286087,0.031223,1,0,0,0.354167,0.208333,0.090278,0.069444,0.013889,0.013889,0.3125,0.75,UNKNOWN,0.4
152,1503,,1843,4,12,12,144,1.0,6.5e-05,0.006253,0.010408,0.963523,0.008673,0,0,79,0.409722,0.243056,0.201389,0.201389,0.027778,0.236111,0.701389,0.21875,UNKNOWN,0.4
